TypingSpeed,AverageHoldTime,HoldVariance,AverageDelay,DelayVariance,BackspaceCount,SpaceCount,TotalKeys,SessionDuration,StressLabel
32.13,0.2227,0.000228,0.5864,0.002412,13,52,479,178.88,2
49.51,0.1377,0.005508,0.2259,0.007154,6,74,452,109.55,1
27.84,0.1912,0.004027,0.6448,0.001492,10,21,546,235.31,2
45.8,0.1026,0.002043,0.3442,0.007076,5,17,156,40.87,1
54.6,0.1463,0.002879,0.421,0.003908,2,17,158,34.73,1
78.14,0.1054,0.002328,0.1832,0.011508,0,34,188,28.87,0
72.67,0.095,0.00339,0.1619,0.012136,0,72,542,89.5,0
37.33,0.1757,0.001292,0.5168,0.013359,12,69,397,127.62,2
21.56,0.1628,0.002164,0.7781,0.006094,8,25,489,272.22,2
30.84,0.1614,0.00275,0.7148,0.012067,8,44,524,203.87,2
46.65,0.105,0.004075,0.4422,0.017379,2,43,173,44.5,1
25.82,0.1729,0.002566,0.5032,0.010263,11,30,362,168.25,2
29.27,0.1643,0.001693,0.5154,0.017675,11,61,132,54.12,2
87.97,0.071,0.004959,0.1402,0.01755,2,79,171,23.33,0
49.94,0.1173,0.000916,0.253,0.018889,2,19,233,55.99,1
55.99,0.0773,0.001039,0.1013,0.00438,1,79,594,127.3,0
34.86,0.1926,0.002427,0.5725,0.002451,13,24,394,135.63,2
54.7,0.1392,0.002335,0.3516,0.017154,5,69,243,53.31,1
57.62,0.1139,0.004246,0.4264,0.006437,5,23,320,66.65,1
43.21,0.1471,0.004875,0.2521,0.00103,4,40,169,46.94,1
31.88,0.2098,0.002759,0.8339,0.019623,5,50,490,184.44,2
44.49,0.1423,0.003333,0.2876,0.007418,3,24,197,53.13,1
50.05,0.1455,0.001533,0.2469,0.003226,6,37,482,115.57,1
39.7,0.1662,0.003973,0.7061,0.015903,11,39,463,139.96,2
67.09,0.0777,0.004968,0.0896,0.015675,0,15,242,43.29,0
28.89,0.2047,0.000938,0.7761,0.005731,7,22,548,227.61,2
65.19,0.0996,0.002989,0.0829,0.017809,1,25,365,67.19,0
61.26,0.0791,0.005198,0.1306,0.01903,0,74,185,36.24,0
89.13,0.0755,0.005991,0.2124,0.019993,1,68,334,44.97,0
20.18,0.2214,0.002983,0.8891,0.00483,13,40,292,173.6,2
34.51,0.1789,0.001082,0.7828,0.001599,15,69,231,80.32,2
28.41,0.1919,0.001488,0.7017,0.00252,11,57,169,71.39,2
47.51,0.1175,0.002855,0.413,0.018955,6,19,352,88.9,1
48.44,0.1028,0.000968,0.3394,0.007831,3,73,355,87.95,1
21.2,0.1661,0.002811,0.4664,0.010141,10,71,386,218.47,2
52.09,0.1333,0.004713,0.3096,0.014108,2,55,481,110.8,1
31.18,0.2292,0.002407,0.7505,0.006948,14,76,388,149.34,2
36.3,0.1713,0.001287,0.6776,0.003648,14,65,192,63.47,2
63.97,0.0719,0.000152,0.0876,0.018186,0,63,513,96.23,0
49.72,0.1023,0.005302,0.2543,0.011751,3,69,143,34.52,1
82.57,0.0959,0.001688,0.2037,0.013291,2,40,185,26.88,0
85.98,0.0832,0.00033,0.0829,0.011485,2,32,384,53.59,0
62.77,0.0753,0.005698,0.2155,0.011408,1,37,462,88.33,0
87.98,0.1028,0.000724,0.2105,0.008252,0,23,458,62.47,0
40.97,0.1161,0.003927,0.306,0.014014,5,73,233,68.24,1
63.07,0.0741,0.004242,0.0815,0.007625,0,26,231,43.95,0
29.26,0.1569,0.004849,0.6235,0.015508,6,66,499,204.64,2
21.91,0.164,0.001146,0.8474,0.018339,7,21,324,177.44,2
54.2,0.1273,0.002209,0.3904,0.012124,3,52,160,35.42,1
78.24,0.0785,0.005072,0.2165,0.019627,1,72,269,41.26,0
57.61,0.102,0.001267,0.1702,0.009525,2,18,261,54.36,0
30.65,0.234,0.003812,0.8639,0.007265,7,66,298,116.68,2
34.08,0.2071,0.00545,0.7393,0.000814,13,35,571,201.06,2
36.26,0.2132,0.00497,0.6806,0.019785,13,50,280,92.66,2
87.9,0.0993,0.005104,0.0935,0.001032,0,20,475,64.85,0
53.87,0.1409,0.002572,0.2888,0.017907,2,64,288,64.15,1
49.71,0.1146,0.003219,0.2607,0.007984,6,30,166,40.07,1
58.76,0.1303,0.0049,0.3972,0.002119,3,45,145,29.61,1
26.25,0.2284,0.005297,0.8403,0.011292,13,74,406,185.61,2
61.16,0.0886,0.003049,0.1452,0.004338,2,39,314,61.61,0
46.24,0.1388,0.004371,0.284,0.016698,4,44,191,49.57,1
57.7,0.1282,0.002387,0.4261,0.013178,5,55,324,67.38,1
44.96,0.1264,0.004128,0.2324,0.018676,4,59,217,57.92,1
31.29,0.1601,0.001623,0.6593,0.01634,12,52,162,62.12,2
85.54,0.0786,0.002578,0.0844,0.012696,2,32,210,29.46,0
21.57,0.1938,0.002545,0.7914,0.013947,7,34,176,97.91,2
86.55,0.1041,0.002118,0.1369,0.006198,0,80,385,53.38,0
58.49,0.1102,0.005313,0.449,0.011799,3,30,230,47.19,1
55.61,0.1005,0.005308,0.0805,0.009111,1,72,448,96.68,0
46.18,0.1077,0.004692,0.3671,0.017699,3,38,226,58.73,1
30.14,0.2499,0.004185,0.5453,0.00749,12,62,379,150.88,2
38.36,0.1889,0.005776,0.819,0.010836,11,75,384,120.12,2
27.67,0.2283,0.005863,0.5602,0.015993,13,19,134,58.11,2
51.4,0.1131,0.00503,0.4496,0.011736,3,30,172,40.16,1
21.26,0.1699,0.004638,0.5242,0.016101,10,61,225,126.98,2
46.51,0.1009,0.004063,0.3482,0.016614,6,57,595,153.5,1
32.45,0.1656,0.003916,0.4731,0.009313,6,15,577,213.39,2
74.34,0.0741,0.000842,0.1249,0.011439,2,46,376,60.69,0
75.69,0.0885,0.005516,0.1412,0.011692,2,15,362,57.39,0
50.8,0.1398,0.001637,0.4084,0.007383,3,19,506,119.53,1
77.25,0.1005,0.001773,0.2113,0.010055,0,62,552,85.74,0
30.09,0.2227,0.003501,0.4553,0.006382,14,47,433,172.67,2
75.3,0.1034,0.000173,0.1291,0.017868,2,21,328,52.27,0
49.42,0.1451,0.003203,0.3357,0.010157,6,78,450,109.26,1
42.95,0.1483,0.004402,0.2448,0.019676,3,77,335,93.6,1
39.05,0.2405,0.004308,0.572,0.003878,8,24,355,109.08,2
57.08,0.1114,0.004598,0.28,0.015999,5,38,296,62.23,1
25.61,0.241,0.003511,0.519,0.008543,6,20,281,131.69,2
52.57,0.1088,0.001077,0.2926,0.007421,3,30,466,106.37,1
45.49,0.15,0.005542,0.3744,0.004506,6,76,415,109.48,1
83.94,0.1084,0.003181,0.0959,0.009689,1,61,233,33.31,0
35.6,0.2001,0.001171,0.6403,0.005453,12,37,501,168.9,2
20.08,0.1827,0.005588,0.8515,0.005255,8,55,417,249.15,2
32.58,0.2399,0.001129,0.463,0.017049,7,37,153,56.35,2
76.95,0.0991,0.005373,0.0915,0.001237,2,69,195,30.41,0
69.17,0.109,0.005383,0.0808,0.005762,1,41,158,27.41,0
40.24,0.1343,0.002537,0.3569,0.016772,2,40,153,45.63,1
59.75,0.1188,0.002217,0.252,0.010288,4,65,214,42.98,1
27.8,0.2358,0.00174,0.7926,0.009836,10,44,575,248.22,2
69.95,0.0881,0.005909,0.2126,0.006968,1,62,295,50.61,0
20.84,0.1515,0.005406,0.6686,0.013857,7,29,258,148.54,2
45.7,0.1427,0.003766,0.4307,0.010983,4,20,225,59.08,1
46.2,0.1109,0.004838,0.2738,0.016445,3,48,424,110.13,1
75.79,0.106,0.003708,0.1599,0.018347,0,61,174,27.55,0
25.63,0.1966,0.004745,0.7237,0.019128,13,63,356,166.7,2
81.49,0.092,0.003796,0.2114,0.008988,1,57,168,24.74,0
23.01,0.2078,0.00289,0.8227,0.012824,8,31,399,208.11,2
46.21,0.137,0.00283,0.3715,0.003577,2,26,447,116.08,1
26.35,0.188,0.002548,0.8708,0.0028,13,64,177,80.6,2
55.24,0.0887,0.003389,0.1886,0.019646,1,31,258,56.05,0
49.27,0.149,0.000989,0.2297,0.018312,6,23,600,146.14,1
84.32,0.1032,0.001751,0.2136,0.006477,2,68,561,79.84,0
25.92,0.2068,0.001651,0.5001,0.012137,11,78,131,60.66,2
89.95,0.094,0.003612,0.1785,0.002612,0,19,580,77.38,0
65.51,0.1063,0.002348,0.0857,0.010749,2,34,273,50.0,0
49.46,0.1001,0.000512,0.2477,0.007666,2,66,152,36.88,1
75.02,0.0703,0.005558,0.0939,0.013092,0,79,198,31.67,0
42.21,0.1073,0.005798,0.2231,0.019247,2,69,438,124.51,1
87.41,0.1082,0.001908,0.0827,0.000985,2,30,499,68.51,0
31.43,0.2069,0.004023,0.5898,0.0064,5,42,277,105.75,2
35.48,0.2198,0.005989,0.814,0.017136,11,27,145,49.04,2
54.13,0.1212,0.000682,0.2843,0.006885,2,28,149,33.03,1
28.26,0.2011,0.005021,0.8909,0.012864,15,57,363,154.14,2
75.82,0.072,0.002734,0.1555,0.010462,1,66,589,93.23,0
28.95,0.2021,0.001853,0.7848,0.00556,14,28,369,152.98,2
53.69,0.1324,0.00106,0.3674,0.013037,2,51,276,61.69,1
73.34,0.1068,0.005474,0.0955,0.012462,2,64,149,24.38,0
26.78,0.2148,0.002159,0.8157,0.015772,8,68,180,80.67,2
23.06,0.1789,0.001921,0.5562,0.012036,15,76,289,150.39,2
22.27,0.1649,0.001292,0.8615,0.012201,8,78,504,271.62,2
51.99,0.1297,0.004657,0.2114,0.013981,6,70,583,134.57,1
67.73,0.1063,0.004802,0.1542,0.018174,1,26,121,21.44,0
82.69,0.0737,0.000157,0.1982,0.007974,1,28,291,42.23,0
55.66,0.1129,0.005335,0.43,0.014103,3,16,221,47.65,1
70.07,0.0762,0.003566,0.217,0.00679,0,55,178,30.48,0
37.4,0.1602,0.005528,0.8922,0.016405,14,66,571,183.2,2
43.17,0.1015,0.003822,0.2944,0.018562,2,19,233,64.77,1
50.35,0.102,0.001837,0.3802,0.002004,5,70,246,58.63,1
35.94,0.2265,0.001853,0.8469,0.00123,12,27,194,64.78,2
38.72,0.2272,0.004379,0.8541,0.015739,10,16,204,63.22,2
37.36,0.1722,0.001426,0.877,0.008374,11,77,297,95.4,2
57.05,0.1461,0.005953,0.329,0.014011,4,39,132,27.76,1
86.18,0.0917,0.000569,0.1637,0.009175,0,46,159,22.14,0
36.82,0.2459,0.004779,0.7005,0.017917,6,39,598,194.9,2
32.49,0.2462,0.00374,0.5359,0.011522,15,65,440,162.52,2
85.55,0.0834,0.004508,0.1335,0.014582,2,73,296,41.52,0
62.02,0.0874,0.00586,0.1884,0.014376,1,24,401,77.58,0
25.75,0.1863,0.005105,0.5992,0.005325,8,57,342,159.39,2
64.22,0.1044,0.002456,0.1207,0.001647,2,47,226,42.23,0
41.34,0.1135,0.001699,0.3672,0.01059,2,44,426,123.67,1
69.79,0.0705,0.005821,0.1579,0.00327,2,29,468,80.48,0
29.77,0.2315,0.000436,0.777,0.01717,5,33,470,189.43,2
54.77,0.1117,0.003851,0.4229,0.012134,6,15,553,121.17,1
80.87,0.0711,0.002077,0.1088,0.018819,2,75,259,38.43,0
46.74,0.1273,0.005231,0.3407,0.003049,5,56,130,33.38,1
37.48,0.1601,0.003794,0.6549,0.002395,6,55,139,44.5,2
32.58,0.2293,0.00113,0.7352,0.011116,15,25,589,216.95,2
62.47,0.1026,0.004273,0.1565,0.009888,0,36,139,26.7,0
71.53,0.1003,0.000389,0.1737,0.001013,0,53,569,95.46,0
58.08,0.1075,0.005855,0.3009,0.015519,2,19,543,112.18,1
50.52,0.1094,0.001401,0.2204,0.016515,3,28,285,67.7,1
41.97,0.1009,0.004217,0.2722,0.007169,3,54,428,122.38,1
42.12,0.1068,0.003029,0.2338,0.003661,2,36,122,34.76,1
30.68,0.184,0.005832,0.848,0.008137,13,55,221,86.43,2
48.78,0.1367,0.001796,0.4216,0.01016,2,48,451,110.94,1
26.32,0.1962,0.004629,0.8516,0.009868,7,30,393,179.19,2
77.04,0.1063,0.002562,0.1932,0.018043,0,15,485,75.55,0
47.62,0.1283,0.005667,0.2319,0.001329,4,33,201,50.65,1
58.39,0.1056,0.003329,0.1346,0.002501,0,17,381,78.3,0
67.28,0.1026,0.000165,0.2077,0.015344,0,36,125,22.29,0
21.04,0.2067,0.001167,0.7579,0.001618,8,33,586,334.29,2
48.83,0.1094,0.004279,0.3585,0.008423,5,67,565,138.86,1
83.24,0.0999,0.004835,0.1061,0.00599,1,69,536,77.27,0
66.13,0.1019,0.003437,0.1214,0.001655,1,51,191,34.66,0
26.15,0.178,0.000414,0.618,0.014556,10,18,514,235.89,2
67.17,0.0723,0.005531,0.1241,0.004738,1,36,358,63.96,0
46.36,0.1196,0.000924,0.3964,0.016129,2,77,301,77.91,1
78.17,0.0754,0.002932,0.1129,0.004687,1,77,435,66.77,0
32.01,0.1562,0.00463,0.8695,0.007211,6,19,543,203.54,2
43.7,0.1324,0.004432,0.2255,0.01253,6,32,499,137.02,1
50.68,0.1072,0.000348,0.2641,0.01541,5,68,223,52.8,1
26.87,0.2365,0.001643,0.6229,0.003841,14,37,167,74.57,2
31.76,0.1611,0.003849,0.5355,0.000868,13,49,180,68.02,2
30.77,0.2138,0.000499,0.5518,0.007097,11,19,405,157.93,2
75.29,0.0802,0.000339,0.1729,0.018628,2,59,545,86.87,0
47.63,0.127,0.002636,0.2991,0.005317,3,39,507,127.73,1
41.38,0.1374,0.005096,0.319,0.017186,6,31,161,46.69,1
21.5,0.1865,0.003721,0.6291,0.014542,6,70,164,91.53,2
52.75,0.1194,0.002028,0.2924,0.007928,3,55,571,129.89,1
45.16,0.1499,0.000492,0.448,0.005396,6,38,332,88.22,1
80.46,0.0909,0.002914,0.1386,0.0142,1,28,332,49.51,0
20.53,0.2298,0.004448,0.5247,0.001214,6,16,388,226.75,2
52.74,0.1058,0.005259,0.3249,0.004829,5,46,341,77.59,1
82.18,0.0753,0.001207,0.1595,0.002324,2,28,449,65.56,0
37.59,0.1906,0.004859,0.59,0.011711,15,34,262,83.64,2
57.09,0.0785,0.002049,0.2071,0.012423,0,30,206,43.3,0
80.7,0.1073,0.00345,0.2086,0.019945,2,31,428,63.65,0
59.83,0.1033,0.001306,0.3639,0.018945,6,62,220,44.12,1
87.32,0.0704,0.002418,0.084,0.001218,2,54,323,44.39,0
49.41,0.1459,0.003079,0.3982,0.00118,3,30,537,130.42,1
66.75,0.0787,0.004061,0.1596,0.015917,1,17,473,85.03,0
54.1,0.1223,0.002644,0.2406,0.003092,4,79,541,119.99,1
54.96,0.1011,0.004667,0.3145,0.006658,5,24,221,48.25,1
35.2,0.2215,0.00336,0.4516,0.018092,10,65,303,103.28,2
52.01,0.1324,0.001693,0.2423,0.017163,5,55,551,127.13,1
36.78,0.1658,0.003486,0.6819,0.01145,9,41,208,67.87,2
64.81,0.0919,0.003187,0.2012,0.010323,0,23,277,51.29,0
47.8,0.1061,0.004702,0.4156,0.009768,3,65,421,105.68,1
30.1,0.2152,0.003059,0.5231,0.012781,6,20,359,143.1,2
57.0,0.1376,0.005115,0.3869,0.00433,3,67,191,40.21,1
73.97,0.0811,0.001935,0.1823,0.011001,2,71,268,43.48,0
86.12,0.0756,0.000755,0.1729,0.006947,1,23,333,46.4,0
24.74,0.1961,0.000101,0.7506,0.015199,5,30,274,132.92,2
53.89,0.1077,0.0054,0.3367,0.003994,4,19,246,54.78,1
71.54,0.0905,0.000482,0.2101,0.005009,0,23,528,88.57,0
57.13,0.1438,0.002886,0.2754,0.013047,2,78,390,81.93,1
40.3,0.1217,0.00113,0.4036,0.00578,2,67,150,44.66,1
29.79,0.1727,0.005766,0.4604,0.011742,13,63,389,156.71,2
68.28,0.0827,0.003231,0.1461,0.006984,1,33,128,22.5,0
75.61,0.0844,0.001959,0.1179,0.008144,1,77,211,33.49,0
84.7,0.0816,0.005637,0.1117,0.002222,1,33,295,41.8,0
38.7,0.1523,0.002027,0.8532,0.006526,15,71,155,48.06,2
32.7,0.2279,0.002498,0.5347,0.019184,14,20,374,137.26,2
35.4,0.2106,0.003854,0.8592,0.019076,5,55,463,156.93,2
31.52,0.1588,0.002377,0.4881,0.005349,9,68,417,158.73,2
26.95,0.2478,0.000477,0.788,0.004359,10,24,583,259.55,2
69.66,0.0806,0.001208,0.1508,0.007275,0,36,365,62.88,0
71.75,0.0736,0.000252,0.2012,0.013343,0,71,286,47.83,0
45.47,0.1179,0.005693,0.3643,0.01483,5,54,434,114.53,1
35.47,0.2388,0.004601,0.6564,0.015784,8,57,367,124.16,2
29.04,0.2098,0.003955,0.6928,0.003132,11,19,270,111.58,2
45.71,0.1331,0.00569,0.2023,0.010222,2,16,529,138.87,1
56.2,0.1401,0.001034,0.3208,0.007029,4,60,421,89.89,1
33.32,0.2161,0.003681,0.8289,0.005682,8,58,526,189.42,2
81.7,0.1068,0.003866,0.2099,0.00664,1,31,387,56.84,0
64.69,0.0748,0.000315,0.0887,0.007702,2,76,381,70.68,0
43.83,0.1471,0.003451,0.215,0.008633,3,77,480,131.43,1
33.76,0.1879,0.00046,0.7712,0.018124,14,53,151,53.68,2
65.59,0.1067,0.005643,0.156,0.009462,1,50,576,105.38,0
79.05,0.0966,0.004537,0.14,0.007133,0,56,277,42.05,0
63.77,0.0872,0.003435,0.1786,0.005127,1,29,209,39.33,0
88.26,0.1024,0.000722,0.1038,0.012954,0,33,453,61.59,0
55.72,0.1146,0.000896,0.3514,0.008731,5,23,451,97.12,1
36.74,0.1525,0.000672,0.8548,0.002031,12,44,315,102.88,2
48.6,0.146,0.005373,0.3944,0.001747,2,53,329,81.24,1
43.55,0.1152,0.005309,0.4344,0.014326,2,54,184,50.7,1
24.4,0.1997,0.003487,0.5181,0.013616,11,22,546,268.54,2
67.7,0.0818,0.003645,0.182,0.003453,2,23,142,25.17,0
50.75,0.1294,0.00351,0.2758,0.013258,2,30,594,140.46,1
67.02,0.0774,0.004744,0.082,0.004865,2,77,134,23.99,0
75.21,0.1008,0.004211,0.1421,0.010879,2,47,181,28.88,0
34.37,0.1794,0.003045,0.5537,0.005379,14,17,374,130.58,2
24.3,0.2348,0.004915,0.6547,0.005606,7,43,500,246.88,2
55.76,0.0759,0.002724,0.1677,0.016693,1,49,341,73.39,0
56.05,0.1055,0.005909,0.4279,0.007062,4,49,126,26.98,1
87.66,0.0982,0.002532,0.137,0.013581,2,71,140,19.16,0
58.67,0.1049,0.000277,0.3681,0.007781,2,23,390,79.77,1
38.14,0.1643,0.001942,0.5624,0.009121,8,46,228,71.73,2
68.49,0.0805,0.003053,0.1122,0.014308,2,76,518,90.76,0
44.65,0.1486,0.00452,0.2297,0.007247,5,33,497,133.57,1
31.91,0.2027,0.002083,0.5285,0.011854,8,31,324,121.82,2
20.15,0.2329,0.004114,0.8432,0.005411,15,65,315,187.62,2
54.54,0.1257,0.002284,0.3038,0.00836,5,29,521,114.64,1
53.0,0.1014,0.003241,0.3909,0.012483,2,61,449,101.67,1
54.9,0.1177,0.00082,0.265,0.004311,6,27,199,43.5,1
46.29,0.1417,0.003741,0.3036,0.012362,6,49,255,66.11,1
58.62,0.1075,0.000335,0.291,0.008497,3,31,573,117.3,1
29.98,0.2227,0.005502,0.7342,0.016962,7,72,211,84.47,2
56.71,0.0924,0.002715,0.1982,0.004229,2,68,571,120.83,0
29.89,0.1866,0.00418,0.5973,0.009307,9,44,184,73.87,2
56.98,0.1474,0.003959,0.4039,0.005707,6,43,439,92.45,1
85.62,0.1052,0.001514,0.147,0.014222,1,58,354,49.62,0
62.67,0.0896,0.001888,0.2012,0.007567,0,51,391,74.87,0
27.67,0.2039,0.005056,0.7868,0.006454,12,27,493,213.81,2
49.18,0.1119,0.003256,0.3986,0.015771,3,21,466,113.71,1
64.64,0.109,0.002718,0.2192,0.019574,0,46,529,98.2,0
27.07,0.203,0.003332,0.6345,0.00862,9,43,302,133.88,2
76.64,0.0972,0.001485,0.1703,0.008387,1,23,306,47.91,0
50.06,0.1162,0.003546,0.3181,0.001911,2,71,245,58.73,1
79.52,0.1057,0.004561,0.098,0.002466,2,40,322,48.59,0
46.84,0.1075,0.001896,0.2255,0.015117,6,34,560,143.46,1
40.48,0.1153,0.001342,0.4324,0.008052,3,31,369,109.38,1
88.95,0.0878,0.005696,0.0827,0.004441,1,66,345,46.54,0
44.36,0.1003,0.003621,0.3165,0.001771,6,48,530,143.39,1
21.05,0.1555,0.005799,0.5845,0.005968,14,35,544,310.14,2
77.76,0.0952,0.00343,0.0895,0.00104,2,19,181,27.93,0
74.43,0.076,0.000198,0.1192,0.001904,2,43,301,48.53,0
28.8,0.2359,0.005257,0.8478,0.012639,10,39,223,92.91,2
56.33,0.1407,0.005578,0.2828,0.019101,4,73,586,124.83,1
78.35,0.0715,0.002999,0.1199,0.010561,2,33,248,37.98,0
84.62,0.1096,0.001105,0.1391,0.010722,1,22,211,29.92,0
41.43,0.1206,0.003376,0.2702,0.002253,6,32,275,79.65,1
44.83,0.1292,0.004754,0.4414,0.005348,2,64,469,125.53,1
86.74,0.0889,0.003454,0.1647,0.0063,0,64,193,26.7,0
27.52,0.238,0.005527,0.5646,0.018119,14,35,326,142.17,2
32.79,0.1907,0.00146,0.8173,0.004061,15,71,456,166.87,2
20.94,0.1837,0.001706,0.6414,0.015908,7,71,502,287.65,2
71.65,0.091,0.002195,0.1572,0.007587,0,55,498,83.4,0
56.3,0.1217,0.004312,0.3174,0.002266,6,51,551,117.44,1
77.64,0.0858,0.002931,0.2136,0.019329,1,65,302,46.68,0
44.69,0.1428,0.001895,0.421,0.014663,2,34,213,57.2,1
54.24,0.1448,0.000141,0.4274,0.011616,4,29,600,132.74,1
60.33,0.1055,0.004112,0.1583,0.011237,1,79,311,61.86,0
66.53,0.0743,0.003405,0.0905,0.012846,0,51,166,29.94,0
55.86,0.1118,0.005563,0.3476,0.015455,4,62,171,36.74,1
46.64,0.1328,0.001253,0.4218,0.007772,2,52,338,86.96,1
44.56,0.1382,0.005074,0.2818,0.015446,6,30,381,102.61,1
86.23,0.1022,0.00313,0.1148,0.007472,1,75,583,81.13,0
22.29,0.1548,0.001537,0.6579,0.001245,12,16,515,277.29,2
55.79,0.0848,0.005129,0.0852,0.019984,0,34,187,40.22,0
52.5,0.1107,0.005092,0.3547,0.010475,4,24,382,87.31,1
69.14,0.0997,0.001199,0.2065,0.001286,1,52,357,61.97,0
57.82,0.0906,0.003365,0.1047,0.013761,1,36,503,104.39,0
55.39,0.1089,0.000757,0.1103,0.018639,0,42,296,64.12,0
40.86,0.1056,0.003495,0.2853,0.001768,3,24,468,137.45,1
83.24,0.0833,0.000693,0.1542,0.00447,0,16,351,50.6,0
49.19,0.1186,0.003284,0.3367,0.000613,6,59,399,97.34,1
69.7,0.0898,0.002224,0.2138,0.009908,2,38,188,32.37,0
25.99,0.2174,0.002372,0.7618,0.013665,11,26,473,218.42,2
33.3,0.2361,0.000365,0.531,0.005444,12,50,418,150.63,2
49.04,0.1452,0.002356,0.3167,0.003631,6,45,578,141.45,1
75.18,0.0706,0.00139,0.0984,0.000612,0,16,519,82.85,0
41.7,0.125,0.001359,0.3991,0.015564,6,20,149,42.87,1
55.57,0.1436,0.003824,0.2718,0.016183,6,67,557,120.29,1
22.16,0.1797,0.000554,0.667,0.009048,7,80,384,207.98,2
75.46,0.0917,0.00156,0.0867,0.010308,0,74,320,50.89,0
27.68,0.1571,0.001812,0.5739,0.009556,10,21,349,151.28,2
59.47,0.0907,0.00479,0.1195,0.002901,1,18,515,103.91,0
27.26,0.2477,0.005909,0.661,0.01333,14,77,598,263.26,2
63.06,0.1097,0.004309,0.1294,0.00533,1,32,451,85.82,0
78.59,0.104,0.004709,0.1512,0.009221,2,15,429,65.5,0
35.99,0.1634,0.00518,0.6279,0.008098,11,61,261,87.04,2
80.66,0.0758,0.005492,0.2135,0.018272,1,21,127,18.89,0
46.6,0.1218,0.003059,0.3375,0.013329,3,36,447,115.11,1
38.15,0.1993,0.002031,0.7089,0.015158,13,48,504,158.53,2
60.12,0.0841,0.002484,0.1131,0.014804,0,71,269,53.69,0
69.67,0.0728,0.005213,0.1585,0.018024,2,71,598,102.99,0
57.24,0.1266,0.002367,0.3562,0.007313,3,75,206,43.19,1
54.68,0.1169,0.005978,0.2984,0.009223,4,63,395,86.69,1
54.13,0.1328,0.002602,0.4321,0.008632,5,22,259,57.42,1
61.12,0.0768,0.00245,0.2078,0.010653,0,22,282,55.37,0
78.5,0.0835,0.004603,0.092,0.009772,1,22,288,44.03,0
35.53,0.1746,0.002871,0.7013,0.005214,14,70,499,168.51,2
46.63,0.1428,0.001283,0.3003,0.018648,5,67,588,151.3,1
42.25,0.1169,0.005049,0.2133,0.010752,5,75,169,48.01,1
22.12,0.1627,0.001268,0.5722,0.006686,14,23,405,219.68,2
30.14,0.1853,0.003649,0.6874,0.005448,14,53,351,139.73,2
27.92,0.174,0.005872,0.5171,0.013753,13,19,283,121.63,2
71.24,0.101,0.00566,0.1132,0.019013,0,46,259,43.63,0
55.42,0.1429,0.001796,0.2488,0.012548,5,18,512,110.86,1
78.08,0.0786,0.001076,0.099,0.019514,2,43,593,91.14,0
39.6,0.1859,0.001212,0.874,0.001104,14,58,359,108.78,2
87.27,0.0908,0.001422,0.1215,0.011611,2,56,123,16.91,0
80.65,0.0958,0.002612,0.2134,0.006299,2,32,428,63.68,0
88.62,0.083,0.004387,0.1284,0.007108,0,70,257,34.8,0
41.51,0.1164,0.000198,0.3998,0.015182,2,54,278,80.36,1
44.34,0.1027,0.002871,0.2972,0.009352,2,40,459,124.22,1
55.44,0.128,0.001197,0.2654,0.015635,4,44,253,54.76,1
41.76,0.1222,0.005045,0.3478,0.003612,2,70,236,67.81,1
33.07,0.1869,0.00199,0.5963,0.014395,8,75,217,78.73,2
66.81,0.0862,0.001972,0.1807,0.005303,0,41,120,21.55,0
21.64,0.2373,0.002257,0.6541,0.015977,6,51,415,230.15,2
52.36,0.1455,0.003827,0.2802,0.015143,4,71,465,106.57,1
86.48,0.0899,0.003783,0.1787,0.014671,1,25,346,48.01,0
62.38,0.0757,0.003778,0.1993,0.003317,1,39,234,45.02,0
45.83,0.1017,0.005867,0.3678,0.009789,2,21,375,98.18,1
68.35,0.1069,0.005423,0.2169,0.019575,1,57,149,26.16,0
52.23,0.1357,0.001228,0.2449,0.008709,6,24,410,94.21,1
56.67,0.1172,0.005546,0.2768,0.014063,6,63,204,43.2,1
57.75,0.0782,0.002649,0.2026,0.008817,1,55,478,99.33,0
51.43,0.143,0.002023,0.352,0.018744,4,80,257,59.96,1
22.85,0.1769,0.000543,0.731,0.00253,10,29,543,285.11,2
53.7,0.1157,0.005441,0.3142,0.007685,2,57,396,88.49,1
56.44,0.0847,0.003657,0.0809,0.007669,2,17,425,90.36,0
36.99,0.2431,0.001367,0.5515,0.01843,7,22,567,183.97,2
35.23,0.2437,0.002546,0.7553,0.011338,5,21,223,75.95,2
37.55,0.1738,0.004006,0.6989,0.002955,15,33,526,168.08,2
34.74,0.2152,0.004473,0.7875,0.019843,7,64,295,101.89,2
65.74,0.0773,0.00373,0.2049,0.014248,0,58,239,43.62,0
50.41,0.1355,0.003825,0.3617,0.019098,6,68,220,52.37,1
33.52,0.2184,0.001263,0.6923,0.01568,7,63,321,114.91,2
57.99,0.1041,0.004136,0.2068,0.007708,2,47,195,40.35,0
58.46,0.08,0.000534,0.1846,0.009124,0,58,448,91.96,0
25.28,0.2099,0.004833,0.8646,0.01959,5,61,466,221.21,2
30.83,0.1675,0.00343,0.6228,0.01901,13,64,344,133.88,2
80.25,0.0916,0.004396,0.1509,0.014126,0,18,451,67.44,0
42.48,0.1053,0.004753,0.3522,0.004376,5,52,537,151.7,1
58.09,0.1223,0.000358,0.3833,0.004266,6,47,139,28.71,1
43.45,0.1387,0.005783,0.4257,0.019803,3,55,569,157.13,1
62.38,0.0755,0.001373,0.2136,0.003174,0,52,470,90.41,0
83.72,0.0924,0.0039,0.0999,0.013256,0,35,378,54.18,0
47.68,0.1019,0.001752,0.2695,0.005955,6,57,179,45.05,1
58.44,0.0947,0.001053,0.0838,0.012889,0,78,330,67.76,0
37.87,0.1603,0.004133,0.8617,0.007648,5,17,472,149.55,2
59.78,0.0849,0.002911,0.1974,0.001122,1,61,195,39.14,0
37.45,0.2401,0.004513,0.615,0.017548,7,49,591,189.38,2
58.41,0.1128,0.00263,0.4091,0.005339,3,49,161,33.08,1
57.14,0.145,0.003483,0.3346,0.000508,6,71,343,72.03,1
32.05,0.1638,0.004357,0.6756,0.017227,7,49,550,205.96,2
57.91,0.1218,0.000681,0.2108,0.01626,5,20,188,38.95,1
33.3,0.199,0.003932,0.7379,0.008406,10,58,176,63.42,2
46.19,0.1099,0.003412,0.371,0.006676,4,35,532,138.21,1
57.73,0.1469,0.003527,0.3314,0.00099,4,46,214,44.48,1
76.13,0.0716,0.002325,0.1561,0.002359,2,79,471,74.24,0
40.07,0.1328,0.003015,0.3515,0.000678,6,78,600,179.66,1
60.84,0.0997,0.004504,0.1645,0.004701,1,51,505,99.6,0
24.6,0.2128,0.00367,0.7926,0.006995,12,69,243,118.54,2
35.26,0.1905,0.005802,0.607,0.010675,7,33,519,176.61,2
25.16,0.1785,0.005469,0.4858,0.011554,10,19,328,156.44,2
37.17,0.2198,0.00068,0.5395,0.012055,8,20,285,92.01,2
74.55,0.0957,0.005887,0.1394,0.017119,1,22,281,45.23,0
65.72,0.0809,0.000978,0.1035,0.00764,0,31,302,55.14,0
48.12,0.1357,0.005176,0.4,0.013595,6,39,324,80.8,1
42.55,0.1467,0.004276,0.4145,0.010523,4,52,377,106.31,1
34.69,0.1578,0.001179,0.5548,0.006856,14,37,176,60.89,2
88.5,0.0888,0.003271,0.1119,0.01035,1,79,550,74.58,0
30.86,0.173,0.00265,0.5595,0.014474,8,67,429,166.81,2
46.83,0.1129,0.001974,0.2699,0.003606,4,26,410,105.05,1
86.76,0.1033,0.005985,0.1292,0.000786,2,74,442,61.14,0
23.27,0.2394,0.005284,0.864,0.013575,15,52,502,258.9,2
28.68,0.2027,0.002304,0.896,0.019639,10,37,513,214.65,2
48.13,0.1408,0.001149,0.3226,0.008718,5,65,399,99.49,1
43.69,0.1028,0.004466,0.2818,0.011828,4,58,166,45.59,1
55.92,0.1468,0.004812,0.4071,0.01141,6,18,379,81.34,1
58.54,0.0777,0.00255,0.1722,0.014193,0,67,512,104.95,0
29.16,0.2044,0.004085,0.7499,0.008553,13,22,211,86.83,2
69.55,0.0921,0.003477,0.0907,0.014313,2,59,417,71.94,0
41.36,0.1221,0.002622,0.3481,0.008722,4,37,385,111.7,1
86.7,0.1074,0.002634,0.1377,0.009078,1,54,246,34.05,0
42.08,0.1476,0.001172,0.268,0.012276,2,17,290,82.7,1
53.96,0.1052,0.00561,0.2536,0.015512,3,19,321,71.39,1
82.62,0.0877,0.003428,0.1376,0.018481,2,38,301,43.72,0
43.98,0.1397,0.00229,0.2859,0.007363,5,25,141,38.47,1
40.94,0.1126,0.003339,0.3041,0.018024,3,20,394,115.48,1
30.83,0.2489,0.000362,0.8245,0.015765,11,74,401,156.1,2
43.43,0.1109,0.001219,0.2933,0.001777,2,23,258,71.29,1
22.38,0.2208,0.000537,0.5609,0.018875,13,19,478,256.27,2
46.68,0.1016,0.000424,0.3576,0.003728,2,22,250,64.27,1
51.62,0.1184,0.004655,0.2209,0.019922,5,37,229,53.23,1
24.68,0.1983,0.000923,0.7421,0.005422,11,66,460,223.7,2
32.64,0.2395,0.001328,0.6985,0.010256,15,31,301,110.67,2
59.65,0.1198,0.003951,0.41,0.013158,3,40,434,87.31,1
43.92,0.1043,0.002325,0.2744,0.01883,2,75,212,57.93,1
58.42,0.107,0.004357,0.4312,0.010555,2,22,202,41.49,1
89.85,0.1014,0.002509,0.1901,0.017895,2,63,270,36.06,0
20.36,0.1924,0.004063,0.455,0.012844,9,64,144,84.86,2
56.61,0.1268,0.004541,0.3788,0.004718,6,48,522,110.64,1
89.73,0.0883,0.000886,0.0829,0.013612,2,71,564,75.43,0
68.76,0.1025,0.001643,0.1346,0.012559,2,62,451,78.71,0
87.83,0.071,0.004602,0.1356,0.011309,0,30,289,39.49,0
79.38,0.0978,0.005957,0.1511,0.007342,1,48,163,24.64,0
55.59,0.0975,0.003291,0.1119,0.007176,2,61,331,71.45,0
37.13,0.2014,0.00359,0.6104,0.002726,6,74,379,122.49,2
62.16,0.072,0.005744,0.1205,0.013046,2,36,223,43.05,0
37.63,0.178,0.000977,0.8042,0.018032,8,54,160,51.03,2
79.08,0.0869,0.001305,0.2153,0.002652,1,34,164,24.88,0
38.87,0.213,0.001865,0.5434,0.005582,7,29,370,114.24,2
61.68,0.1086,0.003642,0.154,0.018838,2,67,129,25.1,0
20.62,0.2031,0.002996,0.6475,0.016152,5,45,193,112.33,2
51.24,0.1248,0.00093,0.3297,0.005595,2,47,170,39.81,1
40.3,0.1119,0.005854,0.3801,0.009403,6,75,391,116.44,1
70.58,0.0913,0.001417,0.1246,0.017266,1,75,464,78.89,0
27.95,0.2489,0.003181,0.6631,0.016411,13,17,122,52.37,2
54.81,0.1046,0.001903,0.2759,0.006258,4,16,297,65.02,1
25.2,0.1681,0.000214,0.6255,0.019844,7,50,347,165.25,2
44.24,0.143,0.003786,0.2874,0.019645,2,72,552,149.72,1
28.19,0.1949,0.005412,0.4744,0.00838,5,73,427,181.78,2
51.22,0.1019,0.005288,0.259,0.018859,4,62,379,88.8,1
29.6,0.1726,0.000779,0.5454,0.00995,9,32,328,132.98,2
52.56,0.125,0.005907,0.4095,0.000674,3,52,404,92.25,1
40.25,0.1454,0.005616,0.2859,0.002405,3,44,374,111.5,1
31.63,0.2493,0.000348,0.6422,0.011526,8,57,552,209.44,2
44.62,0.1407,0.003596,0.2869,0.015604,2,19,317,85.25,1
46.51,0.1286,0.005884,0.3631,0.015308,5,80,219,56.5,1
84.8,0.0796,0.004069,0.1437,0.001222,2,25,408,57.73,0
46.45,0.1386,0.00222,0.3422,0.008892,5,54,369,95.33,1
50.67,0.122,0.004792,0.3589,0.01828,6,72,483,114.39,1
51.23,0.131,0.005271,0.4106,0.015238,5,40,405,94.86,1
49.8,0.1277,0.001336,0.3537,0.008886,5,18,205,49.4,1
50.89,0.1296,0.004875,0.3361,0.001468,2,68,359,84.65,1
82.41,0.1045,0.003744,0.0819,0.006199,1,52,280,40.77,0
37.29,0.1795,0.001592,0.6192,0.012213,12,57,522,167.97,2
39.76,0.2405,0.000654,0.5423,0.010732,6,26,141,42.55,2
85.47,0.0702,0.005095,0.0846,0.008807,0,20,176,24.71,0
31.17,0.2161,0.004083,0.6274,0.005819,12,76,396,152.48,2
86.81,0.0818,0.000986,0.125,0.017879,1,37,182,25.16,0
51.93,0.1483,0.00319,0.4122,0.006649,5,22,217,50.15,1
26.16,0.2341,0.004426,0.4601,0.005011,5,18,470,215.59,2
50.69,0.133,0.003132,0.3194,0.006959,6,58,489,115.75,1
37.03,0.2161,0.005492,0.5367,0.005468,11,56,438,141.94,2
27.66,0.2027,0.000726,0.7788,0.010683,15,65,436,189.15,2
88.91,0.0943,0.000645,0.16,0.017365,2,68,239,32.26,0
85.65,0.1061,0.003733,0.1593,0.002672,0,60,527,73.84,0
21.98,0.1926,0.003682,0.5201,0.016174,13,25,340,185.6,2
21.06,0.1847,0.002419,0.5831,0.006544,13,79,450,256.36,2
83.09,0.0887,0.004724,0.1842,0.000615,2,17,507,73.22,0
76.78,0.1096,0.001103,0.101,0.01023,0,58,180,28.13,0
66.86,0.1003,0.004801,0.1707,0.009594,2,51,502,90.09,0
60.98,0.1053,0.002554,0.1626,0.009935,2,28,253,49.78,0
78.23,0.0991,0.000686,0.1244,0.001671,1,20,475,72.87,0
42.44,0.1418,0.001206,0.4293,0.016642,6,39,274,77.48,1
59.94,0.104,0.005997,0.2281,0.005434,5,69,229,45.84,1
58.4,0.1242,0.002691,0.2109,0.006035,2,38,518,106.44,1
55.67,0.1093,0.003744,0.1943,0.014761,2,79,339,73.08,0
23.45,0.1707,0.000901,0.7557,0.017921,6,73,134,68.57,2
28.06,0.2444,0.000276,0.7604,0.016046,10,40,138,59.03,2
26.89,0.1543,0.003752,0.787,0.00263,11,61,162,72.3,2
58.28,0.1322,0.00063,0.4434,0.017762,2,60,454,93.49,1
20.11,0.1571,0.001468,0.7919,0.014878,8,25,358,213.64,2
24.92,0.2482,0.005139,0.777,0.01533,10,32,523,251.83,2
38.32,0.1982,0.001222,0.6591,0.013512,13,15,405,126.83,2
87.84,0.0895,0.002989,0.1986,0.011112,0,25,581,79.37,0
23.23,0.2355,0.004052,0.6749,0.003237,5,70,489,252.55,2
37.38,0.2193,0.000876,0.6277,0.019979,8,52,416,133.54,2
24.79,0.1969,0.005013,0.5232,0.006685,7,58,382,184.9,2
35.4,0.2327,0.004394,0.4595,0.011235,14,20,524,177.6,2
64.26,0.0823,0.004213,0.1483,0.018723,0,42,549,102.52,0
59.71,0.1237,0.0057,0.4491,0.006702,4,80,298,59.89,1
35.48,0.1876,0.003377,0.7783,0.014073,13,61,447,151.2,2
54.46,0.123,0.004458,0.389,0.01121,3,16,428,94.31,1
21.64,0.2048,0.004229,0.7156,0.00896,13,80,565,313.26,2
59.25,0.109,0.005299,0.1086,0.011385,1,50,303,61.37,0
63.3,0.0995,0.004704,0.0955,0.003072,1,70,552,104.65,0
40.04,0.1238,0.001298,0.4094,0.015651,5,19,172,51.55,1
68.67,0.0834,0.004154,0.1065,0.009177,1,72,260,45.44,0
25.22,0.205,0.000482,0.4634,0.008273,7,67,175,83.26,2
37.43,0.1931,0.001043,0.7211,0.007031,13,71,223,71.5,2
47.45,0.1274,0.003517,0.4397,0.01821,2,70,522,132.02,1
33.8,0.2427,0.003491,0.8503,0.013739,5,67,529,187.83,2
20.04,0.1507,0.005936,0.8805,0.008204,14,54,431,258.06,2
20.25,0.1647,0.00215,0.5004,0.000989,15,53,526,311.68,2
41.81,0.1263,0.0051,0.3679,0.011716,4,46,168,48.21,1
47.42,0.1243,0.003944,0.23,0.011974,5,75,425,107.54,1
27.82,0.2407,0.005281,0.7177,0.006915,5,52,291,125.51,2
50.24,0.1287,0.002281,0.2779,0.010258,3,75,397,94.83,1
31.63,0.2268,0.001752,0.5187,0.002672,13,62,463,175.66,2
58.96,0.0954,0.004933,0.1838,0.011984,2,79,155,31.54,0
48.14,0.1419,0.002512,0.4457,0.010272,2,40,494,123.14,1
22.09,0.1627,0.004272,0.7906,0.008302,7,57,485,263.5,2
61.2,0.0721,0.001045,0.1734,0.014678,1,55,161,31.57,0
40.84,0.1215,0.00336,0.2221,0.010568,5,68,176,51.72,1
57.66,0.142,0.001329,0.4106,0.001284,2,15,151,31.43,1
67.56,0.1058,0.004988,0.1197,0.018846,1,49,131,23.27,0
47.55,0.1204,0.004901,0.3693,0.010859,4,46,210,52.99,1
38.35,0.2367,0.003285,0.8271,0.006244,12,76,333,104.21,2
32.59,0.1559,0.005257,0.8912,0.003285,13,17,153,56.33,2
86.93,0.073,0.001828,0.1393,0.018196,1,72,477,65.84,0
33.0,0.2166,0.00349,0.5394,0.01845,8,69,248,90.19,2
35.35,0.2343,0.003171,0.7233,0.011593,7,44,320,108.61,2
23.12,0.2352,0.001028,0.6059,0.013974,15,20,388,201.4,2
55.28,0.0728,0.000744,0.1698,0.013925,0,77,207,44.94,0
47.91,0.1452,0.00233,0.2617,0.001508,4,63,368,92.17,1
35.3,0.2069,0.004409,0.6261,0.018761,7,15,384,130.53,2
23.95,0.2084,0.001117,0.6132,0.002907,6,48,124,62.12,2
24.54,0.1825,0.004112,0.7925,0.019618,6,25,429,209.79,2
39.94,0.2115,0.005614,0.4773,0.004185,12,35,371,111.45,2
57.93,0.1131,0.004622,0.25,0.004738,5,56,192,39.77,1
21.03,0.1644,0.005589,0.4641,0.002978,12,17,481,274.43,2
47.88,0.1436,0.003366,0.3485,0.010952,2,67,205,51.38,1
50.82,0.1039,0.001553,0.4322,0.019838,3,45,488,115.23,1
37.94,0.1977,0.001974,0.7222,0.011575,8,49,561,177.45,2
47.97,0.1334,0.003921,0.4263,0.01328,2,20,562,140.58,1
49.32,0.1248,0.003063,0.272,0.001655,5,31,433,105.35,1
27.21,0.1924,0.001158,0.4761,0.009883,10,51,151,66.59,2
54.89,0.1027,0.005069,0.4364,0.005248,6,64,346,75.64,1
24.07,0.2222,0.005062,0.6117,0.019764,6,41,123,61.32,2
62.97,0.0748,0.005163,0.1274,0.004537,1,39,566,107.86,0
59.5,0.118,0.002091,0.4301,0.005528,4,58,437,88.14,1
36.44,0.2159,0.001599,0.7552,0.017467,11,23,466,153.45,2
53.24,0.1068,0.000638,0.3906,0.001164,4,71,421,94.89,1
35.58,0.208,0.004933,0.5892,0.013816,10,57,130,43.85,2
41.5,0.1337,0.002649,0.4219,0.005253,5,18,574,165.96,1
49.13,0.1028,0.003512,0.2855,0.003295,3,42,597,145.83,1
57.35,0.0857,0.004696,0.1012,0.014204,1,44,462,96.67,0
84.03,0.1038,0.001879,0.1017,0.010826,1,67,258,36.84,0
53.74,0.1495,0.00215,0.3507,0.01816,2,80,258,57.61,1
56.38,0.1263,0.004962,0.2071,0.016784,4,47,547,116.42,1
44.84,0.1213,0.00138,0.2994,0.006769,5,40,472,126.33,1
81.07,0.102,0.000866,0.1766,0.010807,2,23,400,59.21,0
79.76,0.0924,0.003565,0.147,0.007973,2,52,555,83.5,0
42.05,0.1353,0.004011,0.3757,0.008732,4,34,144,41.09,1
24.44,0.2007,0.004462,0.6488,0.019253,5,67,481,236.12,2
38.83,0.2411,0.004463,0.8498,0.015346,14,27,308,95.18,2
53.48,0.109,0.000507,0.3117,0.01214,5,58,302,67.77,1
28.51,0.1998,0.005526,0.6478,0.008716,9,44,515,216.73,2
81.37,0.0919,0.005329,0.1111,0.005773,1,46,517,76.25,0
57.24,0.1124,0.001738,0.289,0.010143,5,52,445,93.29,1
57.69,0.1047,0.004481,0.2543,0.011252,6,51,236,49.09,1
25.74,0.2496,0.004556,0.4642,0.001755,14,21,402,187.41,2
49.62,0.1117,0.003289,0.4217,0.010511,2,38,287,69.4,1
25.92,0.2071,0.004718,0.6472,0.000752,7,76,470,217.55,2
23.93,0.1507,0.004281,0.6562,0.018612,11,26,239,119.83,2
46.11,0.1034,0.005856,0.3328,0.00792,5,51,203,52.83,1
42.72,0.1273,0.000687,0.3349,0.00571,5,57,316,88.76,1
76.5,0.0895,0.005508,0.1127,0.00487,0,52,574,90.04,0
41.26,0.1098,0.002875,0.2903,0.015376,4,48,448,130.29,1
58.6,0.0821,0.005179,0.1995,0.004521,0,43,462,94.61,0
33.53,0.1593,0.000304,0.6815,0.010319,6,35,485,173.56,2
58.91,0.1486,0.000893,0.2941,0.013346,2,59,287,58.46,1
80.26,0.1077,0.005279,0.1394,0.007588,0,47,193,28.86,0
44.84,0.1346,0.003405,0.4401,0.018791,6,20,396,105.97,1
57.26,0.1429,0.002807,0.3896,0.005974,3,55,394,82.56,1
56.71,0.1384,0.005071,0.3642,0.00433,4,19,349,73.85,1
53.92,0.1125,0.004084,0.432,0.017976,4,27,504,112.17,1
85.26,0.0941,0.000392,0.1242,0.011562,0,23,372,52.36,0
26.51,0.2449,0.004515,0.5588,0.007355,10,51,501,226.76,2
65.31,0.0727,0.000218,0.0935,0.013443,1,34,227,41.71,0
32.48,0.2124,0.001024,0.8639,0.016055,9,70,274,101.22,2
81.97,0.0877,0.002783,0.2123,0.00973,1,42,361,52.85,0
50.05,0.1293,0.002552,0.4459,0.018415,5,16,129,30.93,1
54.96,0.1072,0.00513,0.2069,0.001016,3,63,122,26.64,1
72.4,0.0804,0.005369,0.0844,0.013109,1,31,375,62.15,0
65.31,0.0906,0.00427,0.1615,0.015541,1,63,307,56.4,0
56.34,0.081,0.001596,0.1322,0.001423,0,63,286,60.91,0
58.38,0.1121,0.000416,0.4387,0.006879,6,32,329,67.63,1
52.63,0.1333,0.005001,0.303,0.017074,5,56,424,96.67,1
53.02,0.1236,0.00224,0.283,0.002866,6,32,204,46.17,1
85.52,0.1007,0.001857,0.1591,0.018594,1,76,257,36.06,0
32.79,0.2031,0.003437,0.7564,0.001217,14,34,381,139.44,2
43.75,0.1394,0.004367,0.4376,0.008867,6,48,562,154.14,1
40.02,0.1462,0.00457,0.2227,0.019426,2,68,538,161.31,1
33.93,0.2018,0.002893,0.7102,0.010103,15,74,448,158.44,2
23.79,0.2064,0.001499,0.6185,0.009681,14,58,505,254.78,2
56.35,0.1269,0.000892,0.2239,0.005849,4,70,538,114.58,1
48.56,0.1484,0.003643,0.4114,0.016396,2,42,173,42.76,1
85.11,0.0739,0.000641,0.191,0.002634,0,38,156,22.0,0
37.98,0.2077,0.004381,0.6654,0.004232,15,75,420,132.71,2
58.87,0.1315,0.003136,0.4148,0.013126,5,52,236,48.11,1
22.04,0.1532,0.005622,0.8336,0.01142,15,31,459,249.96,2
45.93,0.1056,0.002302,0.232,0.013616,6,47,471,123.05,1
83.58,0.1006,0.00527,0.1029,0.012639,2,57,445,63.89,0
57.66,0.1287,0.002059,0.2103,0.008565,2,47,163,33.92,1
89.59,0.0774,0.002305,0.1044,0.007658,0,38,173,23.17,0
36.91,0.2132,0.000627,0.5952,0.016121,11,20,574,186.61,2
58.89,0.1283,0.003849,0.2106,0.018847,4,23,390,79.47,1
29.61,0.1756,0.000422,0.795,0.015077,6,60,590,239.08,2
57.45,0.0897,0.002834,0.1582,0.003951,0,80,507,105.91,0
30.33,0.244,0.004997,0.8582,0.015853,10,71,461,182.38,2
81.45,0.1062,0.002,0.2025,0.004975,1,42,532,78.38,0
20.32,0.1658,0.00426,0.6464,0.010755,15,15,541,319.43,2
87.48,0.0768,0.000217,0.174,0.019826,2,64,316,43.34,0
59.92,0.094,0.002497,0.1199,0.017944,1,51,177,35.45,0
47.79,0.1489,0.000557,0.4222,0.009684,3,17,462,116.02,1
84.25,0.0973,0.000403,0.2001,0.005002,1,23,290,41.31,0
53.78,0.1198,0.004731,0.4224,0.017505,3,18,147,32.8,1
56.89,0.0922,0.003159,0.0878,0.01873,0,23,444,93.66,0
86.57,0.1034,0.001102,0.1664,0.008704,0,69,138,19.13,0
24.64,0.2322,0.002807,0.7916,0.010146,15,47,498,242.5,2
50.68,0.1002,0.005708,0.4344,0.012971,6,34,323,76.47,1
57.05,0.1409,0.003683,0.3157,0.000702,4,35,172,36.18,1
45.7,0.105,0.004642,0.4019,0.002114,4,34,471,123.67,1
58.55,0.1289,0.005221,0.3036,0.007199,5,32,450,92.23,1
46.46,0.1117,0.005609,0.3223,0.002971,4,34,215,55.53,1
86.73,0.0921,0.005566,0.1473,0.017709,2,40,514,71.11,0
55.92,0.0859,0.004179,0.1127,0.014074,2,77,390,83.69,0
41.82,0.1275,0.002563,0.3036,0.017397,3,77,299,85.8,1
32.88,0.2129,0.004168,0.7703,0.00773,13,25,282,102.91,2
85.59,0.0867,0.005064,0.2087,0.012666,1,29,457,64.07,0
21.89,0.1811,0.000859,0.4954,0.012532,11,48,485,265.89,2
28.59,0.1722,0.00479,0.6789,0.007168,6,58,514,215.73,2
39.18,0.2253,0.000241,0.8678,0.005323,14,33,480,147.02,2
59.28,0.1385,0.005816,0.2245,0.008584,6,15,512,103.64,1
31.58,0.1821,0.003718,0.6266,0.017623,12,48,518,196.82,2
73.46,0.0829,0.002099,0.1564,0.011615,0,32,299,48.84,0
49.3,0.1141,0.003926,0.3046,0.007967,2,30,344,83.73,1
55.06,0.1316,0.004479,0.3116,0.019363,4,48,173,37.7,1
48.25,0.1495,0.005777,0.2708,0.018269,5,22,392,97.49,1
54.03,0.1375,0.003341,0.3465,0.005574,3,77,516,114.59,1
47.77,0.1116,0.005471,0.4166,0.002698,5,53,191,47.98,1
25.45,0.2492,0.000922,0.8935,0.008669,10,65,283,133.42,2
50.18,0.1018,0.001451,0.375,0.014108,3,40,285,68.16,1
57.41,0.0949,0.00322,0.0967,0.019529,0,77,472,98.66,0
49.19,0.134,0.002802,0.3374,0.016927,2,24,214,52.21,1
30.65,0.1706,0.001154,0.7361,0.011784,11,78,140,54.82,2
43.32,0.1261,0.000381,0.3686,0.010054,4,47,267,73.95,1
55.92,0.1423,0.001295,0.2681,0.013426,4,20,348,74.68,1
58.61,0.0758,0.000813,0.1778,0.015125,2,63,442,90.49,0
29.35,0.1885,0.00135,0.4922,0.014308,10,47,408,166.83,2
51.77,0.1464,0.004751,0.3289,0.013379,4,39,500,115.91,1
45.44,0.1279,0.005724,0.4022,0.016083,4,22,425,112.24,1
27.23,0.2471,0.002001,0.4704,0.012302,14,29,132,58.18,2
56.2,0.1355,0.002095,0.3476,0.000907,2,65,364,77.72,1
83.11,0.0838,0.000549,0.1878,0.002787,2,48,331,47.79,0
25.63,0.1565,0.002105,0.5882,0.002177,5,72,421,197.1,2
42.83,0.1089,0.0017,0.2227,0.00204,2,19,375,105.06,1
20.44,0.2148,0.00157,0.5835,0.017329,9,42,202,118.58,2
59.85,0.1162,0.004395,0.2904,0.008333,2,24,414,83.0,1
41.5,0.1229,0.00011,0.3944,0.008204,2,56,480,138.8,1
49.65,0.1387,0.004475,0.4303,0.00062,3,78,531,128.33,1
85.44,0.0789,0.003306,0.1006,0.007497,2,44,336,47.19,0
86.13,0.0803,0.000952,0.2088,0.007525,2,35,432,60.19,0
69.35,0.1021,0.001624,0.1254,0.000516,2,50,505,87.39,0
51.15,0.1269,0.001194,0.3898,0.010086,6,70,471,110.51,1
49.4,0.1039,0.001293,0.4497,0.016539,3,74,260,63.15,1
28.4,0.2204,0.005278,0.6755,0.000918,9,19,266,112.4,2
55.53,0.1189,0.000704,0.2207,0.005284,6,45,547,118.2,1
71.05,0.1092,0.000406,0.0971,0.017789,2,32,277,46.78,0
58.82,0.1418,0.003646,0.3921,0.005394,4,40,548,111.79,1
51.05,0.1381,0.004198,0.3496,0.013014,3,52,520,122.23,1
51.85,0.1188,0.000558,0.3251,0.014256,4,78,185,42.82,1
31.82,0.1677,0.005492,0.5191,0.000796,5,20,528,199.13,2
31.39,0.1719,0.00242,0.7403,0.010617,15,46,340,129.99,2
58.34,0.1069,0.001682,0.2145,0.014644,1,52,187,38.46,0
49.11,0.1477,0.000394,0.2356,0.003342,3,39,357,87.23,1
59.23,0.0831,0.005498,0.1581,0.001098,0,32,318,64.43,0
52.24,0.1038,0.000525,0.3721,0.000904,4,74,183,42.04,1
56.05,0.0924,0.005677,0.13,0.004872,2,20,129,27.62,0
58.74,0.1338,0.002536,0.2002,0.017754,6,52,465,94.99,1
54.82,0.1462,0.003771,0.391,0.000504,3,74,396,86.68,1
59.39,0.1476,0.000624,0.3536,0.017121,4,56,304,61.43,1
22.2,0.2068,0.005895,0.5261,0.019815,10,53,268,144.88,2
84.67,0.1025,0.002812,0.1487,0.007731,0,77,410,58.11,0
31.22,0.2396,0.002506,0.6031,0.008967,6,27,150,57.66,2
28.39,0.2045,0.003904,0.826,0.019941,7,35,405,171.21,2
65.4,0.0733,0.003653,0.1361,0.016228,0,71,131,24.04,0
28.86,0.2311,0.004459,0.4966,0.001926,5,66,499,207.49,2
22.93,0.2401,0.002582,0.6919,0.005648,7,54,211,110.44,2
39.66,0.2063,0.005317,0.4735,0.004291,8,29,226,68.39,2
20.51,0.183,0.00481,0.4687,0.010585,11,34,384,224.7,2
34.72,0.2181,0.004439,0.8362,0.005078,6,32,444,153.44,2
46.3,0.1108,0.003809,0.2873,0.005167,6,69,314,81.38,1
23.79,0.2329,0.00595,0.7822,0.014977,6,36,362,182.63,2
56.21,0.1094,0.001077,0.375,0.019867,2,70,500,106.74,1
59.87,0.1358,0.004904,0.2774,0.014157,2,36,457,91.59,1
25.21,0.2265,0.0019,0.7982,0.009035,8,23,393,187.1,2
51.78,0.1019,0.000457,0.2591,0.015654,5,61,369,85.51,1
21.01,0.2471,0.00532,0.7857,0.009853,6,40,574,327.9,2
88.24,0.0955,0.003873,0.1844,0.019965,0,30,415,56.44,0
29.45,0.1773,0.000409,0.629,0.004517,10,51,124,50.52,2
63.19,0.0703,0.002199,0.1263,0.018513,2,59,503,95.53,0
41.21,0.1116,0.005793,0.4429,0.016046,5,64,248,72.21,1
30.47,0.1852,0.002874,0.4522,0.016575,12,61,497,195.74,2
33.7,0.2167,0.005573,0.8099,0.00913,7,64,374,133.17,2
37.61,0.1523,0.000577,0.5811,0.006929,7,52,557,177.72,2
25.11,0.2148,0.005135,0.6964,0.006386,5,70,410,195.98,2
20.78,0.1749,0.00576,0.6286,0.013478,7,23,272,157.05,2
38.5,0.195,0.002652,0.6885,0.016134,12,48,202,62.96,2
38.55,0.1841,0.004782,0.4945,0.017241,9,69,514,160.01,2
49.82,0.1242,0.002734,0.4023,0.01993,4,22,361,86.95,1
82.12,0.0756,0.003632,0.1275,0.01172,0,46,435,63.57,0
59.29,0.1064,0.005651,0.2194,0.003971,0,60,251,50.8,0
38.79,0.2478,0.004295,0.8492,0.015999,7,35,452,139.83,2
34.6,0.2283,0.002877,0.6159,0.00891,9,44,490,169.92,2
25.55,0.2082,0.002759,0.6412,0.019796,11,17,298,139.96,2
57.04,0.0755,0.00426,0.2026,0.002906,1,47,474,99.72,0
34.77,0.2186,0.001424,0.4688,0.019169,6,46,593,204.68,2
69.43,0.1088,0.004821,0.1662,0.015594,2,59,328,56.69,0
82.83,0.1004,0.000513,0.2167,0.017642,0,63,462,66.93,0
62.84,0.0864,0.004386,0.1289,0.017949,1,62,147,28.07,0
28.51,0.1725,0.004406,0.4781,0.001904,9,79,184,77.45,2
36.89,0.1522,0.002033,0.4664,0.006556,11,57,349,113.52,2
34.56,0.1997,0.003882,0.6614,0.010327,8,36,596,206.94,2
68.89,0.0944,0.001403,0.2045,0.018392,2,32,160,27.87,0
26.14,0.2402,0.005293,0.7585,0.013008,9,80,517,237.33,2
46.85,0.101,0.000927,0.3746,0.012098,5,53,558,142.94,1
34.6,0.2485,0.003772,0.7008,0.007174,13,43,280,97.11,2
59.31,0.1234,0.000797,0.2107,0.017213,6,69,232,46.94,1
45.16,0.1049,0.001351,0.32,0.005027,3,34,201,53.41,1
40.41,0.1426,0.004359,0.277,0.010075,2,37,492,146.09,1
62.54,0.1046,0.00457,0.1323,0.017718,2,22,325,62.36,0
84.62,0.1088,0.005086,0.178,0.004893,1,40,281,39.85,0
52.26,0.1259,0.001557,0.2028,0.016389,3,28,389,89.33,1
57.26,0.1231,0.003922,0.3297,0.013793,5,59,150,31.44,1
49.23,0.124,0.004872,0.4129,0.002476,5,43,226,55.09,1
52.45,0.1009,0.004515,0.427,0.01924,2,27,299,68.41,1
56.86,0.0748,0.004628,0.1802,0.019406,2,73,582,122.84,0
42.61,0.1379,0.003501,0.3309,0.010581,4,44,460,129.54,1
29.78,0.176,0.000965,0.7401,0.011058,10,52,541,218.03,2
28.26,0.2125,0.003772,0.7879,0.012918,10,63,154,65.39,2
40.85,0.1012,0.001825,0.3665,0.005795,6,77,123,36.14,1
44.3,0.1234,0.000562,0.305,0.011279,2,48,314,85.05,1
88.55,0.1011,0.001186,0.2071,0.019027,1,45,182,24.66,0
36.9,0.1723,0.001106,0.6927,0.018005,13,29,228,74.15,2
48.05,0.1464,0.000481,0.3874,0.018563,5,49,427,106.64,1
51.79,0.1156,0.002218,0.2543,0.018238,6,74,196,45.42,1
41.23,0.1095,0.002842,0.3517,0.011506,4,33,373,108.56,1
55.08,0.1215,0.002257,0.3079,0.001083,6,79,312,67.97,1
57.99,0.0865,0.00495,0.0991,0.009589,2,64,279,57.73,0
56.54,0.0899,0.001687,0.099,0.009719,1,59,378,80.22,0
47.48,0.1187,0.000439,0.3976,0.016374,6,28,294,74.3,1
53.67,0.1439,0.002374,0.3353,0.007992,5,57,289,64.62,1
77.9,0.0897,0.002219,0.1617,0.001386,0,80,585,90.11,0
81.55,0.0723,0.005763,0.1009,0.010145,0,55,166,24.43,0
42.76,0.1025,0.001007,0.3188,0.000601,6,75,450,126.29,1
84.31,0.1082,0.005193,0.1246,0.014023,2,73,276,39.29,0
71.86,0.1017,0.003585,0.1653,0.019903,2,31,391,65.29,0
41.1,0.1213,0.003043,0.2315,0.015204,4,71,394,115.03,1
63.18,0.089,0.004511,0.1801,0.0189,1,71,256,48.62,0
28.33,0.2446,0.001615,0.5757,0.007214,13,44,463,196.09,2
81.65,0.0924,0.003548,0.2068,0.003522,0,77,345,50.71,0
30.92,0.1912,0.001072,0.69,0.004575,14,80,408,158.35,2
25.14,0.2161,0.002418,0.7788,0.006704,6,77,277,132.23,2
45.25,0.111,0.000927,0.3277,0.007038,5,49,501,132.86,1
44.73,0.1473,0.000844,0.381,0.018437,5,60,254,68.14,1
39.7,0.1896,0.005143,0.6165,0.019761,6,45,437,132.08,2
43.65,0.1037,0.002427,0.2739,0.011736,2,44,308,84.68,1
37.77,0.1918,0.004275,0.6408,0.005221,7,25,127,40.35,2
50.93,0.148,0.001182,0.2024,0.003885,5,25,228,53.73,1
34.95,0.2026,0.001127,0.7415,0.01869,15,76,503,172.69,2
29.62,0.1757,0.004869,0.8273,0.009799,9,45,490,198.54,2
46.84,0.122,0.002602,0.2528,0.011754,5,52,195,49.95,1
61.79,0.0856,0.001483,0.1159,0.008986,2,68,191,37.1,0
21.56,0.1966,0.000401,0.8856,0.009436,9,67,135,75.16,2
36.41,0.246,0.005353,0.5904,0.0022,5,50,493,162.49,2
34.89,0.2158,0.004982,0.8143,0.002535,14,43,359,123.46,2
75.13,0.0735,0.005421,0.1171,0.004023,2,71,539,86.09,0
58.43,0.1307,0.004365,0.4074,0.01155,6,76,391,80.3,1
59.82,0.0764,0.00416,0.1974,0.003548,2,65,520,104.31,0
24.79,0.1878,0.003572,0.5572,0.002803,9,47,485,234.75,2
21.6,0.1928,0.003469,0.5084,0.012267,15,53,276,153.34,2
81.89,0.097,0.005573,0.1289,0.012529,1,71,517,75.76,0
26.52,0.1799,0.002243,0.7939,0.011192,8,41,419,189.59,2
46.74,0.1275,0.004777,0.3116,0.002875,4,66,183,46.98,1
57.92,0.1049,0.000332,0.1986,0.00191,0,50,453,93.85,0
75.56,0.0915,0.003216,0.1666,0.01804,0,16,480,76.23,0
52.95,0.1453,0.001639,0.2964,0.016079,4,65,430,97.45,1
86.4,0.0807,0.004111,0.1404,0.007155,1,66,171,23.75,0
30.77,0.182,0.003153,0.5011,0.012445,9,61,311,121.27,2
28.14,0.1553,0.00575,0.8499,0.019312,11,76,558,237.92,2
38.47,0.2058,0.002214,0.8248,0.00961,6,30,411,128.21,2
25.07,0.2265,0.001908,0.664,0.017216,12,59,523,250.38,2
42.56,0.1115,0.001556,0.2541,0.009449,2,43,574,161.84,1
39.07,0.1705,0.005635,0.7294,0.009337,6,22,299,91.83,2
41.73,0.1206,0.005286,0.2162,0.010402,4,52,146,41.99,1
87.74,0.1058,0.002537,0.1349,0.005408,0,77,201,27.49,0
59.16,0.1206,0.002405,0.4203,0.009279,5,39,316,64.1,1
85.84,0.1091,0.002005,0.0873,0.010107,2,29,369,51.58,0
33.42,0.154,0.001966,0.4975,0.01618,6,43,128,45.97,2
27.56,0.1557,0.00037,0.6758,0.017059,6,40,582,253.42,2
22.9,0.1846,0.002864,0.4682,0.00766,6,45,406,212.73,2
33.47,0.2056,0.004289,0.5078,0.013737,12,70,208,74.57,2
41.68,0.1466,0.005341,0.265,0.008811,5,34,346,99.62,1
76.32,0.0994,0.003952,0.1895,0.001767,2,63,514,80.82,0
75.36,0.0764,0.001016,0.114,0.005916,2,29,313,49.84,0
24.47,0.2153,0.005434,0.7865,0.014541,7,25,506,248.13,2
55.59,0.1225,0.000873,0.2926,0.018261,2,75,423,91.31,1
59.48,0.1251,0.003969,0.2436,0.00082,4,58,410,82.72,1
34.4,0.2128,0.000842,0.7855,0.01341,7,72,158,55.12,2
44.05,0.1102,0.001693,0.2563,0.003357,4,44,138,37.6,1
45.36,0.1476,0.004707,0.3681,0.017063,5,74,302,79.89,1
27.65,0.1554,0.00161,0.5847,0.014847,11,61,150,65.11,2
59.9,0.1088,0.00229,0.2031,0.00841,2,16,318,63.7,1
88.41,0.0929,0.002218,0.2158,0.009205,2,38,149,20.22,0
38.91,0.2486,0.003722,0.883,0.003953,14,23,184,56.74,2
69.46,0.0914,0.003744,0.1419,0.0049,0,33,247,42.67,0
54.03,0.1429,0.00302,0.226,0.000806,4,41,474,105.28,1
34.38,0.1579,0.00512,0.4622,0.00649,6,71,582,203.17,2
38.01,0.167,0.000837,0.7179,0.010168,10,73,502,158.48,2
61.5,0.11,0.004961,0.1766,0.006958,2,28,323,63.02,0
69.55,0.1026,0.005959,0.0871,0.014055,2,59,373,64.36,0
51.4,0.1103,0.001607,0.3824,0.017741,4,40,123,28.71,1
54.71,0.1263,0.000953,0.2932,0.019673,2,76,274,60.1,1
56.37,0.1413,0.001204,0.4133,0.007287,3,72,588,125.17,1
40.77,0.1106,0.005955,0.2936,0.009461,5,55,396,116.56,1
44.9,0.1264,0.004243,0.4113,0.003537,2,42,526,140.58,1
59.75,0.1202,0.005372,0.2467,0.019226,5,49,514,103.23,1
22.02,0.1706,0.005379,0.4751,0.008999,7,42,283,154.2,2
39.26,0.2314,0.005772,0.4522,0.014134,15,60,423,129.29,2
39.94,0.1685,0.005406,0.5394,0.018238,15,56,359,107.87,2
25.54,0.2315,0.004158,0.5776,0.019883,7,73,470,220.83,2
21.74,0.1922,0.001168,0.47,0.014171,7,30,172,94.93,2
27.51,0.2406,0.00528,0.5655,0.006123,9,44,231,100.75,2
34.13,0.1674,0.004404,0.8183,0.009058,14,16,253,88.95,2
85.38,0.1067,0.005883,0.1174,0.000757,0,34,599,84.18,0
70.75,0.074,0.003924,0.1563,0.003026,0,41,326,55.29,0
55.65,0.0899,0.005321,0.181,0.016778,2,17,429,92.51,0
38.42,0.2459,0.002068,0.7164,0.012441,10,78,129,40.29,2
56.54,0.1288,0.004695,0.2859,0.011934,5,19,204,43.3,1
21.42,0.1539,0.001668,0.5073,0.009194,7,19,435,243.73,2
42.94,0.1335,0.001733,0.4093,0.017707,4,46,545,152.31,1
50.5,0.1038,0.001281,0.3579,0.014288,5,60,259,61.55,1
44.14,0.1466,0.002742,0.2692,0.011278,5,39,408,110.92,1
83.17,0.0915,0.005838,0.0967,0.015041,0,63,428,61.75,0
88.86,0.0999,0.005905,0.1234,0.001605,2,75,258,34.84,0
45.86,0.1289,0.005306,0.2914,0.017127,5,53,158,41.34,1
50.87,0.1445,0.001018,0.3822,0.001022,4,27,196,46.24,1
50.87,0.1439,0.002794,0.3041,0.018018,4,19,478,112.76,1
33.46,0.2411,0.002611,0.6251,0.017465,10,45,342,122.65,2
38.28,0.2061,0.003198,0.6878,0.016198,8,55,513,160.81,2
55.92,0.1087,0.005734,0.1881,0.017199,1,39,380,81.54,0
74.4,0.0772,0.003975,0.2098,0.013175,2,63,207,33.39,0
73.45,0.0921,0.002384,0.0805,0.00832,2,47,207,33.82,0
26.0,0.1697,0.003736,0.73,0.008532,13,80,571,263.51,2
83.41,0.0958,0.000878,0.1567,0.019226,2,64,293,42.16,0
24.67,0.2305,0.000993,0.7176,0.01854,6,58,179,87.09,2
81.32,0.108,0.005695,0.2047,0.001167,1,49,265,39.1,0
29.06,0.2399,0.003747,0.6476,0.016879,13,31,414,170.95,2
60.96,0.0843,0.002972,0.2073,0.001192,0,77,411,80.91,0
20.64,0.2119,0.00335,0.8576,0.017159,12,19,588,341.92,2
66.89,0.0974,0.005694,0.1182,0.000723,1,80,319,57.23,0
26.17,0.1983,0.001259,0.4723,0.002848,10,16,566,259.49,2
23.72,0.1875,0.001412,0.734,0.016387,15,30,239,120.89,2
57.17,0.0786,0.001075,0.0888,0.019292,1,70,123,25.82,0
81.59,0.0834,0.003601,0.1021,0.005628,0,22,338,49.71,0
25.1,0.1955,0.002779,0.7967,0.006209,12,16,410,195.98,2
56.07,0.1137,0.002503,0.2706,0.002269,4,56,362,77.47,1
65.04,0.084,0.005098,0.141,0.014512,1,62,374,69.0,0
53.97,0.1008,0.002938,0.3606,0.01403,3,73,133,29.57,1
26.67,0.1798,0.000418,0.831,0.015689,10,44,430,193.45,2
45.21,0.1495,0.001151,0.4065,0.006511,5,22,183,48.57,1
84.92,0.0919,0.005989,0.1113,0.009026,0,38,191,26.99,0
36.7,0.2079,0.003981,0.6227,0.008097,5,73,315,103.01,2
53.29,0.1063,0.003899,0.3356,0.012591,3,50,168,37.83,1
21.18,0.2168,0.002706,0.5669,0.019429,14,60,598,338.77,2
29.21,0.2465,0.000203,0.7926,0.002569,15,49,383,157.34,2
39.11,0.1983,0.005144,0.8509,0.01172,5,39,373,114.44,2
40.93,0.1481,0.002513,0.4085,0.006987,2,23,214,62.74,1
57.59,0.0778,0.001701,0.1247,0.011427,0,77,549,114.39,0
77.31,0.1046,0.001452,0.1713,0.001738,2,50,268,41.6,0
39.78,0.177,0.00323,0.7808,0.017522,5,32,302,91.11,2
45.19,0.1143,0.002236,0.2882,0.009869,4,52,370,98.24,1
29.03,0.16,0.000714,0.7652,0.013352,12,28,182,75.24,2
30.3,0.2233,0.000751,0.7111,0.014062,9,47,572,226.56,2
50.62,0.1311,0.004232,0.4183,0.010865,6,50,386,91.51,1
57.85,0.1382,0.00283,0.367,0.014679,2,32,288,59.74,1
69.67,0.0884,0.003058,0.1962,0.005825,2,54,155,26.7,0
42.31,0.1121,0.000743,0.4179,0.002162,3,62,197,55.87,1
78.59,0.1068,0.005101,0.2121,0.003065,2,20,235,35.88,0
61.11,0.0986,0.003022,0.1663,0.011527,1,29,198,38.88,0
20.53,0.1685,0.005373,0.5899,0.009302,10,28,479,279.96,2
22.04,0.2455,0.000398,0.6211,0.016873,13,17,581,316.38,2
84.62,0.0821,0.001204,0.1766,0.005255,2,49,176,24.96,0
47.31,0.1335,0.001795,0.4002,0.013351,4,23,200,50.73,1
42.28,0.1357,0.001883,0.392,0.005999,5,60,449,127.44,1
25.75,0.2484,0.001091,0.8803,0.009932,9,35,490,228.31,2
36.94,0.1673,0.003316,0.7117,0.005131,15,50,444,144.25,2
69.8,0.0824,0.005422,0.145,0.014959,2,37,446,76.68,0
66.55,0.0944,0.004954,0.1729,0.009628,0,70,253,45.62,0
55.71,0.1285,0.003893,0.3995,0.003949,6,46,513,110.49,1
30.08,0.2157,0.003463,0.6064,0.014705,8,18,129,51.47,2
75.79,0.0939,0.000214,0.1587,0.011636,2,20,366,57.95,0
55.05,0.0921,0.000932,0.0903,0.018577,0,76,274,59.73,0
88.21,0.0908,0.000745,0.195,0.006214,1,61,543,73.87,0
36.65,0.1848,0.002137,0.8533,0.009845,7,28,564,184.69,2
46.29,0.1038,0.004518,0.4251,0.006205,3,52,592,153.48,1
33.76,0.1839,0.000695,0.5781,0.002308,13,20,358,127.24,2
46.43,0.1498,0.000473,0.2062,0.007225,2,68,218,56.34,1
78.19,0.0763,0.00356,0.1691,0.002862,1,43,483,74.12,0
29.07,0.1512,0.000637,0.6217,0.010575,15,24,342,141.2,2
56.59,0.1186,0.004481,0.3836,0.007608,2,60,579,122.77,1
46.34,0.1003,0.005849,0.2935,0.005802,2,24,528,136.73,1
78.1,0.0785,0.002556,0.1935,0.004191,0,23,208,31.96,0
56.4,0.1181,0.003938,0.4272,0.014679,5,77,235,50.0,1
28.46,0.1783,0.003256,0.7545,0.01962,6,28,145,61.14,2
80.47,0.0714,0.003583,0.0825,0.011919,2,65,384,57.26,0
49.95,0.127,0.001288,0.2469,0.001872,5,32,189,45.41,1
63.16,0.0761,0.002067,0.1917,0.009303,2,46,332,63.08,0
61.32,0.1099,0.001559,0.1246,0.007141,2,75,314,61.45,0
40.22,0.1339,0.003382,0.4051,0.008641,5,45,590,176.05,1
52.17,0.1331,0.005269,0.4329,0.004894,4,65,480,110.42,1
83.57,0.0962,0.005093,0.1021,0.009565,0,76,582,83.57,0
25.94,0.1922,0.004787,0.6683,0.002557,8,72,340,157.26,2
25.88,0.2298,0.002834,0.8486,0.00179,14,66,235,108.95,2
51.79,0.1131,0.002926,0.2718,0.00757,4,46,366,84.8,1
39.24,0.2255,0.005321,0.5411,0.015093,10,28,473,144.66,2
31.16,0.1973,0.004033,0.7746,0.010097,5,62,370,142.49,2
25.32,0.1875,0.002124,0.4864,0.001113,15,57,491,232.66,2
42.43,0.1177,0.003719,0.2197,0.016173,4,79,154,43.56,1
62.83,0.0823,0.005527,0.1878,0.0133,2,71,279,53.29,0
46.86,0.1252,0.004658,0.206,0.018335,6,50,339,86.81,1
55.71,0.0831,0.001634,0.1307,0.019296,2,24,157,33.82,0
39.13,0.1913,0.005287,0.5301,0.013779,8,17,164,50.29,2
50.47,0.1328,0.00171,0.2669,0.005156,5,32,185,43.99,1
79.95,0.093,0.00326,0.0878,0.001454,2,25,132,19.81,0
58.19,0.0912,0.005007,0.0819,0.014316,2,26,291,60.01,0
25.8,0.2129,0.000533,0.8736,0.018804,5,74,128,59.53,2
88.49,0.0876,0.000401,0.1963,0.015395,2,17,533,72.28,0
22.06,0.1701,0.005606,0.561,0.011364,15,42,597,324.82,2
41.62,0.1302,0.004319,0.2366,0.007469,3,73,170,49.01,1
67.33,0.0848,0.00351,0.1226,0.00328,0,66,373,66.47,0
83.38,0.0752,0.000245,0.1503,0.019858,0,50,277,39.87,0
23.97,0.1594,0.002819,0.4754,0.003709,14,17,510,255.31,2
59.06,0.1343,0.001134,0.3754,0.007474,3,37,503,102.2,1
41.06,0.1229,0.001279,0.3601,0.002171,2,67,461,134.72,1
23.58,0.1858,0.002056,0.6956,0.015049,8,48,439,223.44,2
48.5,0.1446,0.002229,0.4467,0.005832,4,41,132,32.66,1
84.6,0.0765,0.004096,0.1509,0.019573,1,44,346,49.08,0
50.41,0.1482,0.004282,0.4344,0.015835,3,71,519,123.54,1
64.43,0.1011,0.005585,0.1124,0.006931,0,58,521,97.03,0
74.6,0.0797,0.003566,0.1787,0.003699,0,27,596,95.87,0
40.12,0.114,0.002163,0.2595,0.009479,6,73,510,152.52,1
45.51,0.1243,0.005836,0.3081,0.01177,3,24,158,41.66,1
40.15,0.1053,0.002809,0.3691,0.003378,2,66,271,81.0,1
55.71,0.1018,0.003899,0.2862,0.010192,6,19,184,39.63,1
38.76,0.2203,0.003135,0.6638,0.005884,8,28,228,70.6,2
47.27,0.1324,0.004926,0.2763,0.01414,5,64,224,56.87,1
59.88,0.1032,0.00021,0.3515,0.0123,4,19,235,47.1,1
36.29,0.241,0.003415,0.6564,0.012874,7,33,546,180.55,2
35.29,0.2284,0.000762,0.6875,0.007554,14,22,553,188.02,2
21.81,0.2386,0.00087,0.5277,0.015472,8,80,386,212.37,2
32.82,0.2418,0.001749,0.5021,0.001485,14,61,405,148.08,2
22.16,0.2206,0.004965,0.5338,0.01803,9,35,286,154.86,2
70.46,0.0803,0.002275,0.1325,0.00663,2,37,594,101.16,0
84.07,0.0951,0.00227,0.1551,0.000975,1,44,581,82.93,0
81.67,0.0789,0.000269,0.1553,0.009096,1,16,563,82.72,0
48.2,0.1367,0.002986,0.415,0.017805,6,34,193,48.05,1
24.98,0.2325,0.004275,0.8143,0.009878,15,36,289,138.85,2
43.23,0.1162,0.003997,0.4394,0.01328,6,57,493,136.85,1
67.62,0.0957,0.001423,0.1111,0.010492,1,22,497,88.2,0
26.0,0.1686,0.004879,0.851,0.010713,15,58,403,185.97,2
